by_007delta,1,1000,
by_0r0ch1,1,1000,
by_1-upclock,1,1000,
by_100racs,1,1000,
by_18_(artist),1,1000,
by_2dredders,1,1000,
by_4ears_5eyes,1,1000,
by_aaron_(artist),1,1000,
by_abluedeer,1,1000,
by_accelo,1,1000,
by_acstlu,1,1000,
by_adelaherz,1,1000,
by_adios,1,1000,
by_advos,1,1000,
by_aennor,1,1000,
by_aeonspassed,1,1000,
by_aer0_zer0,1,1000,
by_agitype01,1,1000,
by_aimi,1,1000,
by_ajin,1,1000,
by_akiric,1,1000,
by_akitokit,1,1000,
by_akkusky,1,1000,
by_alanscampos,1,1000,
by_alcor90,1,1000,
by_alfa995,1,1000,
by_alibi-cami,1,1000,
by_alpha0,1,1000,
by_amadose,1,1000,
by_amazinggwen,1,1000,
by_amazinky,1,1000,
by_amberpendant,1,1000,
by_ambris,1,1000,
by_amethystdust,1,1000,
by_an-tonio,1,1000,
by_ancesra,1,1000,
by_anchee,1,1000,
by_angellsview3,1,1000,
by_angiewolf,1,1000,
by_anglo,1,1000,
by_angstrom,1,1000,
by_anixaila,1,1000,
by_anixis,1,1000,
by_annoy,1,1000,
by_anti_dev,1,1000,
by_antira,1,1000,
by_antiroo,1,1000,
by_anutka,1,1000,
by_anxiety-chan,1,1000,
by_aogami,1,1000,
by_aoino_broome,1,1000,
by_aoizuri,1,1000,
by_aomori,1,1000,
by_aozee,1,1000,
by_araivis-edelveys,1,1000,
by_arbuzbudesh,1,1000,
by_arcsuh,1,1000,
by_areye_(artist),1,1000,
by_argento,1,1000,
by_argon_vile,1,1000,
by_arh,1,1000,
by_ariannafray_pr,1,1000,
by_ark_warrior,1,1000,
by_aromatic_hyena,1,1000,
by_art-abaddon,1,1000,
by_artbyyellowdog,1,1000,
by_artca9,1,1000,
by_artdecade,1,1000,
by_arteficialtrees,1,1000,
by_artlegionary,1,1000,
by_artmarshmallow,1,1000,
by_aruurara,1,1000,
by_asaneman,1,1000,
by_asbel_lhant,1,1000,
by_ashraely,1,1000,
by_atherol,1,1000,
by_atrolux,1,1000,
by_atryl,1,1000,
by_audrarius,1,1000,
by_aurancreations,1,1000,
by_avante92,1,1000,
by_averyhyena,1,1000,
by_aycee,1,1000,
by_azelyn,1,1000,
by_azoomer,1,1000,
by_aztepyeen,1,1000,
by_azura_inalis,1,1000,
by_b-epon,1,1000,
by_backlash91,1,1000,
by_backsash,1,1000,
by_bacn,1,1000,
by_badcoyote,1,1000,
by_bahnbahn,1,1000,
by_baileyx,1,1000,
by_bakemonoy,1,1000,
by_bakuhaku,1,1000,
by_bambii_dog,1,1000,
by_banana_da_boi,1,1000,
by_band1tnsfw,1,1000,
by_banni_art,1,1000,
by_baraking,1,1000,
by_barggmel,1,1000,
by_bassenji,1,1000,
by_bastionshadowpaw,1,1000,
by_batartcave,1,1000,
by_bdmon,1,1000,
by_bebebebebe,1,1000,
by_belsnep,1,1000,
by_benji_(artist),1,1000,
by_ber00,1,1000,
by_beralin,1,1000,
by_berseepon09,1,1000,
by_bgn,1,1000,
by_bigcozyorca,1,1000,
by_bigdad,1,1000,
by_bigdon1992,1,1000,
by_bigjazz,1,1000,
by_bikupan,1,1000,
by_billynr,1,1000,
by_birdvian,1,1000,
by_biskydraws,1,1000,
by_bitebox64,1,1000,
by_bittenhard,1,1000,
by_black-kitten,1,1000,
by_blackfox85,1,1000,
by_blazethefox,1,1000,
by_bleats,1,1000,
by_blitzdrachin,1,1000,
by_blokfort,1,1000,
by_bloominglynx,1,1000,
by_blotch,1,1000,
by_bluesh,1,1000,
by_bna_v5,1,1000,
by_bnbigus,1,1000,
by_bonifasko,1,1000,
by_bonk,1,1000,
by_bonnie_bovine,1,1000,
by_boosterpang,1,1000,
by_borvar,1,1000,
by_bowserboy101,1,1000,
by_braeburned,1,1000,
by_brolaren,1,1000,
by_brownieclop,1,1000,
by_bunihud,1,1000,
by_bunnybits,1,1000,
by_bunybunyboi,1,1000,
by_burgerkiss,1,1000,
by_buta99,1,1000,
by_buxbi,1,1000,
by_bypbap,1,1000,
by_bzeh,1,1000,
by_camychan,1,1000,
by_canaryprimary,1,1000,
by_candyfoxy,1,1000,
by_cannibalistic_tendencies,1,1000,
by_capaoculta,1,1000,
by_captain_nikko,1,1000,
by_captainkirb,1,1000,
by_carliabot,1,1000,
by_carrot_(artist),1,1000,
by_carsen,1,1000,
by_casloafy,1,1000,
by_castbound,1,1000,
by_catcouch,1,1000,
by_catsudon,1,1000,
by_cecily_lin,1,1000,
by_cerf,1,1000,
by_cervina7_(artist),1,1000,
by_chapaevv,1,1000,
by_chasm006,1,1000,
by_chazcatrix,1,1000,
by_cheezayballz,1,1000,
by_chelodoy,1,1000,
by_cherrikissu,1,1000,
by_chewycuticle,1,1000,
by_chicobo,1,1000,
by_chikaretsu,1,1000,
by_chikiota,1,1000,
by_chloe-dog,1,1000,
by_chowdie,1,1000,
by_chromapan,1,1000,
by_chrysalisdraws,1,1000,
by_chumbasket,1,1000,
by_chunie,1,1000,
by_claweddrip,1,1000,
by_clockhands,1,1000,
by_clone26,1,1000,
by_cloudeon,1,1000,
by_clyde_wolf,1,1000,
by_cobalt_snow,1,1000,
by_cobatsart,1,1000,
by_cocicka,1,1000,
by_cocoline_(artist),1,1000,
by_codyblue-731,1,1000,
by_coffeechicken,1,1000,
by_coffeefly,1,1000,
by_coffeesoda,1,1000,
by_cold-blooded-twilight,1,1000,
by_commanderthings,1,1000,
by_completealienation,1,1000,
by_complextree,1,1000,
by_connivingrat,1,1000,
by_conrie,1,1000,
by_cooliehigh,1,1000,
by_corablue,1,1000,
by_cosmiclife,1,1000,
by_cotora,1,1000,
by_covertcanine,1,1000,
by_cracker_(artist),1,1000,
by_crackers,1,1000,
by_crayon_(artist),1,1000,
by_crazydrak,1,1000,
by_crestfallenartist,1,1000,
by_crimetxt,1,1000,
by_crittermatic,1,1000,
by_crushpepper,1,1000,
by_cumbread,1,1000,
by_cyancapsule,1,1000,
by_cyberkaps,1,1000,
by_cydonia_xia,1,1000,
by_dabelette,1,1000,
by_dacad,1,1000,
by_daemon_lady,1,1000,
by_dafka,1,1000,
by_daftpatriot,1,1000,
by_dagasi,1,1000,
by_daigaijin,1,1000,
by_daiidalus,1,1000,
by_dalwart,1,1000,
by_dangpa,1,1000,
by_dankflank,1,1000,
by_dankodeadzone,1,1000,
by_danomil,1,1000,
by_danonymous,1,1000,
by_danza,1,1000,
by_dark_nek0gami,1,1000,
by_dark_violet,1,1000,
by_darkenstardragon,1,1000,
by_darkflash23,1,1000,
by_darkgem,1,1000,
by_darkluxia,1,1000,
by_darkmirage,1,1000,
by_darkriallet,1,1000,
by_darksideofdiscovery,1,1000,
by_dash_ravo,1,1000,
by_dashboom,1,1000,
by_daxhush,1,1000,
by_daxzor,1,1000,
by_dbaru,1,1000,
by_delirost,1,1000,
by_delki,1,1000,
by_delta.dynamics,1,1000,
by_demicoeur,1,1000,
by_demimond23,1,1000,
by_demonkussh,1,1000,
by_deonwolf,1,1000,
by_deormynd,1,1000,
by_derickk76,1,1000,
by_derpx1,1,1000,
by_derpyrider,1,1000,
by_desertkaiju,1,1000,
by_destabilizer,1,1000,
by_devo87,1,1000,
by_dezz,1,1000,
by_diacordst,1,1000,
by_diadorin,1,1000,
by_difetra,1,1000,
by_digitoxici,1,1000,
by_dimwitdog,1,1000,
by_dinkysaurus,1,1000,
by_discordthege,1,1000,
by_discreet_user,1,1000,
by_disiwjd,1,1000,
by_dizzymilky,1,1000,
by_djayo,1,1000,
by_dlw,1,1000,
by_dmxwoops,1,1000,
by_doctor-sfm,1,1000,
by_doctordj,1,1000,
by_doctorpurple2000,1,1000,
by_dododragon56,1,1000,
by_dodudoru,1,1000,
by_doggomeatball,1,1000,
by_doginacafe,1,1000,
by_domasarts,1,1000,
by_domibun,1,1000,
by_don_ko,1,1000,
by_dongitos,1,1000,
by_donutella,1,1000,
by_doomthewolf,1,1000,
by_doost,1,1000,
by_doppel,1,1000,
by_dorosheva-e,1,1000,
by_dosh,1,1000,
by_doxy,1,1000,
by_dr.bubblebum,1,1000,
by_dr.kiyo,1,1000,
by_dr_comet,1,1000,
by_dracojeff,1,1000,
by_dracreloaded,1,1000,
by_dradmon,1,1000,
by_draeusz,1,1000,
by_dragk,1,1000,
by_dragonfu,1,1000,
by_dragontheshadows,1,1000,
by_drako1997,1,1000,
by_dramamine,1,1000,
by_dream_and_nightmare,1,1000,
by_dreamy_pride,1,1000,
by_dredjir,1,1000,
by_dreiker,1,1000,
by_dreyk-daro,1,1000,
by_dripponi,1,1000,
by_drmax,1,1000,
by_dryadex,1,1000,
by_dsub9,1,1000,
by_duase,1,1000,
by_dumderg,1,1000,
by_duskihorns,1,1000,
by_e-01,1,1000,
by_ebonychimera,1,1000,
by_ecmajor,1,1000,
by_edjit,1,1000,
by_edtropolis,1,1000,
by_einshelm,1,1000,
by_el-loko,1,1000,
by_el_booki,1,1000,
by_eldiman,1,1000,
by_eleacat,1,1000,
by_electroporn,1,1000,
by_elfein,1,1000,
by_elicitie,1,1000,
by_elvche,1,1000,
by_elvofirida,1,1000,
by_elzzombie,1,1000,
by_enginetrap,1,1000,
by_enigi09,1,1000,
by_ennismore,1,1000,
by_enro_the_mutt,1,1000,
by_eparihser,1,1000,
by_epicbassface,1,1000,
by_erobos,1,1000,
by_eryz,1,1000,
by_esahma,1,1000,
by_eternity-zinogre,1,1000,
by_etheross,1,1000,
by_eto_ya,1,1000,
by_euphorica,1,1000,
by_euyoshi89,1,1000,
by_evalion,1,1000,
by_evehly,1,1000,
by_evilymasterful,1,1000,
by_evomanaphy,1,1000,
by_ewgengster_(artist),1,1000,
by_exed_eyes,1,1000,
by_exsys,1,1000,
by_f-r95,1,1000,
by_faejunkie,1,1000,
by_faeki,1,1000,
by_fakeryway,1,1000,
by_falcrus,1,1000,
by_falvie,1,1000,
by_famir_(artist),1,1000,
by_fanofthefurr,1,1000,
by_fasttrack37d,1,1000,
by_fatal_dx,1,1000,
by_faustsketcher,1,1000,
by_fek,1,1000,
by_felino,1,1000,
by_feliscede,1,1000,
by_fenn.perrox,1,1000,
by_feralise,1,1000,
by_feretta,1,1000,
by_fermusieboir4,1,1000,
by_feversfm,1,1000,
by_fiercedeitylynx,1,1000,
by_fiftyfifthfleet,1,1000,
by_filthypally,1,1000,
by_fir3born,1,1000,
by_fivel,1,1000,
by_flamespitter,1,1000,
by_fleet-foot,1,1000,
by_fleshformomo,1,1000,
by_fluff-kevlar,1,1000,
by_flufflecraft,1,1000,
by_fluffx,1,1000,
by_flynx-flink,1,1000,
by_forsaken_(artist),1,1000,
by_fourball,1,1000,
by_fours_(artist),1,1000,
by_foxboy83,1,1000,
by_foxes_in_love,1,1000,
by_foxinuhhbox,1,1000,
by_foxnick12,1,1000,
by_foxovh,1,1000,
by_franubis,1,1000,
by_freckles_(artist),1,1000,
by_fred_perry,1,1000,
by_fredek666,1,1000,
by_frenky_hw,1,1000,
by_fridge_(artist),1,1000,
by_frist44,1,1000,
by_frumples,1,1000,
by_frusha,1,1000,
by_fuel_(artist),1,1000,
by_fuf,1,1000,
by_fumiko,1,1000,
by_funkybun,1,1000,
by_furball,1,1000,
by_furfragged,1,1000,
by_furlana,1,1000,
by_furryratchet,1,1000,
by_gaikiken,1,1000,
by_gakujo,1,1000,
by_galacticmichi,1,1000,
by_gammainks,1,1000,
by_gatotorii,1,1000,
by_geeflakes,1,1000,
by_gekasso,1,1000,
by_gekko-seishin,1,1000,
by_general-irrelevant,1,1000,
by_gerrkk,1,1000,
by_gewitter,1,1000,
by_ghostoast,1,1000,
by_giidenuts,1,1000,
by_gimmemysmokes,1,1000,
by_gingy_k_fox,1,1000,
by_girlsay,1,1000,
by_glacierclear,1,1000,
by_glitter_trap_boy,1,1000,
by_glopossum,1,1000,
by_goldenyuusha,1,1000,
by_goldmikun,1,1000,
by_goolee,1,1000,
by_goonie-san,1,1000,
by_goopyarts,1,1000,
by_gorsha_pendragon,1,1000,
by_granitemcgee,1,1000,
by_greasymojo,1,1000,
by_grimart,1,1000,
by_gudlmok99,1,1000,
by_guoh,1,1000,
by_guppic,1,1000,
by_haaru,1,1000,
by_hacatiko,1,1000,
by_hacony,1,1000,
by_halbean,1,1000,
by_hallogreen,1,1000,
by_hanuvo,1,1000,
by_happyroadkill,1,1000,
by_haps,1,1000,
by_hark,1,1000,
by_harnny,1,1000,
by_haychel,1,1000,
by_hazakyaracely,1,1000,
by_healingpit,1,1000,
by_heartbeats,1,1000,
by_heavymetalbronyyeah,1,1000,
by_heresy_(artist),1,1000,
by_hexteknik,1,1000,
by_hierophant_green_(artist),1,1000,
by_higgyy,1,1000,
by_himeragoldtail,1,1000,
by_hinar_miler,1,1000,
by_hinata_sakamoto,1,1000,
by_hioshiru,1,1000,
by_hirurux,1,1000,
by_hitmanatee,1,1000,
by_hladilnik,1,1000,
by_holidaypup,1,1000,
by_hollo_nut,1,1000,
by_holly_marie_ogburn,1,1000,
by_honeymono,1,1000,
by_honovy,1,1000,
by_hoot_(artist),1,1000,
by_hooves-art,1,1000,
by_horokusa0519,1,1000,
by_husdur,1,1000,
by_hyaku_(artist),1,1000,
by_hyattlen,1,1000,
by_hyenaface,1,1000,
by_hyenatig_(artist),1,1000,
by_hyilpi,1,1000,
by_hyucaze,1,1000,
by_icy-marth,1,1000,
by_idolomantises,1,1000,
by_ifus,1,1000,
by_iguanasarecool,1,1000,
by_ike_marshall,1,1000,
by_ikiki,1,1000,
by_ill_dingo,1,1000,
by_ilot,1,1000,
by_im51nn5,1,1000,
by_imanika,1,1000,
by_imgonnaloveyou,1,1000,
by_incorgnito,1,1000,
by_indigochto,1,1000,
by_infinitydoom,1,1000,
by_ingi,1,1000,
by_inno-sjoa,1,1000,
by_insomniacovrlrd,1,1000,
by_inu-sama,1,1000,
by_inuki,1,1000,
by_inuzu,1,1000,
by_iriedono,1,1000,
by_ishiru,1,1000,
by_iskra,1,1000,
by_isolatedartest,1,1000,
by_its-holt,1,1000,
by_itsunknownanon,1,1000,
by_ittybittykittytittys,1,1000,
by_ivorylagiacrus,1,1000,
by_iwbitu,1,1000,
by_izzy223,1,1000,
by_jackaloo,1,1000,
by_jadony,1,1000,
by_jaeh,1,1000,
by_jagon,1,1000,
by_jailbird,1,1000,
by_jakethegoat,1,1000,
by_james_howard,1,1000,
by_jarlium,1,1000,
by_jarnqk,1,1000,
by_javanshir,1,1000,
by_javkiller,1,1000,
by_jay-r,1,1000,
by_jay_naylor,1,1000,
by_jerro,1,1000,
by_jerseydevil,1,1000,
by_jhenightfox,1,1000,
by_jimnsei,1,1000,
by_jindragowolf,1,1000,
by_jinu,1,1000,
by_jinxit,1,1000,
by_jishinu,1,1000,
by_jizoku,1,1000,
by_joaoppereiraus,1,1000,
by_joelasko,1,1000,
by_johnfoxart,1,1000,
by_johnmarten,1,1000,
by_jonas-puppeh,1,1000,
by_joonkorner,1,1000,
by_josun,1,1000,
by_jotun22,1,1000,
by_jrjresq,1,1000,
by_jtveemo,1,1000,
by_juiceps,1,1000,
by_jumpy_jackal,1,1000,
by_justmegabenewell,1,1000,
by_juzztie,1,1000,
by_k0bit0wani,1,1000,
by_k0suna,1,1000,
by_k_98,1,1000,
by_kaboozey,1,1000,
by_kabscorner,1,1000,
by_kacey,1,1000,
by_kadath,1,1000,
by_kaffii,1,1000,
by_kagarimachi_ame,1,1000,
by_kajinchu,1,1000,
by_kakhao,1,1000,
by_kakuteki11029,1,1000,
by_kalahari,1,1000,
by_kalnareff,1,1000,
by_kambo,1,1000,
by_kame_3,1,1000,
by_kamelotnoah,1,1000,
by_kammi-lu,1,1000,
by_kamudragon,1,1000,
by_kanashiipanda,1,1000,
by_kanel,1,1000,
by_kappa_spark,1,1000,
by_kappadoggo,1,1000,
by_kapri,1,1000,
by_karakylia,1,1000,
by_karnator,1,1000,
by_karukuji,1,1000,
by_katahane3,1,1000,
by_katarhein,1,1000,
by_katfishcom,1,1000,
by_kawfee,1,1000,
by_kaylafox,1,1000,
by_kaynine,1,1000,
by_keadonger,1,1000,
by_keeltheequine,1,1000,
by_keffotin,1,1000,
by_kekitopu,1,1000,
by_kemokin_mania,1,1000,
by_kenno_arkkan,1,1000,
by_kentowan,1,1000,
by_ketei,1,1000,
by_ketty,1,1000,
by_kevinsano,1,1000,
by_kevwrite,1,1000,
by_kiddie_jukes,1,1000,
by_kierus,1,1000,
by_kiffy_(artist),1,1000,
by_kihu,1,1000,
by_kikurage,1,1000,
by_kilinah,1,1000,
by_killioma,1,1000,
by_kilver,1,1000,
by_kingcreep105,1,1000,
by_kingofacesx,1,1000,
by_kingparked,1,1000,
by_kinkymation,1,1000,
by_kinokoningen,1,1000,
by_kinsheph,1,1000,
by_kionant,1,1000,
by_kiseff,1,1000,
by_kissxmaker,1,1000,
by_kitsune_youkai,1,1000,
by_kitsunewaffles-chan,1,1000,
by_kittellox_(artist),1,1000,
by_kittydee,1,1000,
by_kiwa_flowcat,1,1000,
by_klaide,1,1000,
by_klent,1,1000,
by_klongi,1,1000,
by_kluclew,1,1000,
by_km-15,1,1000,
by_knell_bell,1,1000,
by_knight_dd,1,1000,
by_knightmoonlight98,1,1000,
by_koba,1,1000,
by_kobradraws,1,1000,
by_kobu_art,1,1000,
by_kodardragon,1,1000,
by_komdog,1,1000,
by_koorinezumi,1,1000,
by_koorivlf,1,1000,
by_korichi,1,1000,
by_kostos_art,1,1000,
by_krazyelf,1,1000,
by_krekk0v,1,1000,
by_kristakeshi,1,1000,
by_krokobyaka,1,1000,
by_ksaiden,1,1000,
by_kumak71395,1,1000,
by_kuribon,1,1000,
by_kuroodod,1,1000,
by_kuroran,1,1000,
by_kurus,1,1000,
by_kyodashiro,1,1000,
by_kyotoleopard,1,1000,
by_kyrosh,1,1000,
by_kyuq,1,1000,
by_kyurisawa,1,1000,
by_l-a-v,1,1000,
by_lapatte,1,1000,
by_larru-larru,1,1000,
by_laser_(artist),1,1000,
by_latchk3y,1,1000,
by_lavenderpandy,1,1000,
by_lawyerdog,1,1000,
by_lazysnout,1,1000,
by_lc79510455,1,1000,
by_ldr,1,1000,
by_lemonbizate_(artist),1,1000,
by_lemondude,1,1000,
by_leobo,1,1000,
by_leonifa,1,1000,
by_letodoesart,1,1000,
by_levelviolet,1,1000,
by_liarborn,1,1000,
by_lichfang,1,1000,
by_lightsource,1,1000,
by_lilmoonie,1,1000,
by_limebreaker,1,1000,
by_link2004,1,1000,
by_link6432,1,1000,
by_lion21,1,1000,
by_littlesheep,1,1000,
by_liveforthefunk,1,1000,
by_lizardlars,1,1000,
by_lizet,1,1000,
by_llametsul,1,1000,
by_lobokosmico,1,1000,
by_lockworkorange,1,1000,
by_loimu,1,1000,
by_lollipopcon,1,1000,
by_lonbluewolf,1,1000,
by_lonewolffl,1,1000,
by_longblueclaw,1,1000,
by_longinius,1,1000,
by_loonanudes,1,1000,
by_loshon,1,1000,
by_lost-paw,1,1000,
by_lostgoose,1,1000,
by_lotusgarden,1,1000,
by_louart,1,1000,
by_loveslove,1,1000,
by_lowkey_nottoast,1,1000,
by_luccatoasty,1,1000,
by_luckypan,1,1000,
by_lucyfercomic,1,1000,
by_lumineko,1,1000,
by_lunalei,1,1000,
by_lunar57,1,1000,
by_luraiokun,1,1000,
by_luryry,1,1000,
by_lustylamb,1,1000,
by_luuriolu,1,1000,
by_luxurias,1,1000,
by_lvlirror,1,1000,
by_lyahim,1,1000,
by_lycangel,1,1000,
by_lyme-slyme,1,1000,
by_lynncore,1,1000,
by_lyorenth-the-dragon,1,1000,
by_lysergide,1,1000,
by_macaronneko,1,1000,
by_macmegagerc,1,1000,
by_magenta7,1,1000,
by_magnetus,1,1000,
by_maiteik,1,1000,
by_majmajor,1,1000,
by_maldu,1,1000,
by_manahallowhound,1,1000,
by_manene,1,1000,
by_manmosu_marimo,1,1000,
by_marblesoda,1,1000,
by_marcofox,1,1000,
by_mariart,1,1000,
by_marik_azemus34,1,1000,
by_marjani,1,1000,
by_marlon.cores,1,1000,
by_marmalademum,1,1000,
by_marshmallow-ears,1,1000,
by_marsminer,1,1000,
by_marsonaut,1,1000,
by_masterj291,1,1000,
by_masterokami,1,1000,
by_matemi,1,1000,
by_matoc,1,1000,
by_mawmain,1,1000,
by_maxydont,1,1000,
by_maynara,1,1000,
by_mcfan,1,1000,
by_mcfli,1,1000,
by_mdthetest,1,1000,
by_meandraco,1,1000,
by_meatshaq,1,1000,
by_meesh,1,1000,
by_megane_inu,1,1000,
by_meganemausu,1,1000,
by_mehdrawings,1,1000,
by_melianah,1,1000,
by_mellonbun,1,1000,
by_melthecannibal,1,1000,
by_menyang,1,1000,
by_meraence,1,1000,
by_mercurial64,1,1000,
by_merrunz,1,1000,
by_merunyaa,1,1000,
by_metalisk,1,1000,
by_mewgle,1,1000,
by_mewpan,1,1000,
by_miau,1,1000,
by_michikochan,1,1000,
by_mickey_the_retriever,1,1000,
by_milachu92,1,1000,
by_miles_df,1,1000,
by_milkytiger1145,1,1000,
by_milodesty,1,1000,
by_miloff,1,1000,
by_mindmachine,1,1000,
by_minedoo,1,1000,
by_minnosimmins,1,1000,
by_minus8,1,1000,
by_miosha,1,1000,
by_miso_souperstar,1,1000,
by_missy_(artist),1,1000,
by_misterstallion,1,1000,
by_mistpirit,1,1000,
by_misx,1,1000,
by_miu,1,1000,
by_mleonheart,1,1000,
by_modca,1,1000,
by_moddish,1,1000,
by_modeseven,1,1000,
by_moetempura,1,1000,
by_monds,1,1000,
by_monian,1,1000,
by_monkeyspirit,1,1000,
by_morethreedee,1,1000,
by_morticus,1,1000,
by_moth_sprout,1,1000,
by_mr-shin,1,1000,
by_mr.albafox,1,1000,
by_mr.smile,1,1000,
by_mrt0ony,1,1000,
by_mumu202,1,1000,
by_munsu89,1,1000,
by_mustachemutt,1,1000,
by_mxl,1,1000,
by_mykiio,1,1000,
by_mystikfox61,1,1000,
by_mytigertail,1,1000,
by_nagifur,1,1000,
by_naive_tabby,1,1000,
by_nakimayo,1,1000,
by_nanoff,1,1000,
by_napalm_express,1,1000,
by_narse,1,1000,
by_nastycalamari,1,1000,
by_nat_127,1,1000,
by_nathanatwar,1,1000,
by_nauth,1,1000,
by_nawka,1,1000,
by_ncs,1,1000,
by_neash,1,1000,
by_nedoiko,1,1000,
by_neelix,1,1000,
by_negger,1,1000,
by_neko3240,1,1000,
by_nelly63,1,1000,
by_nepentz,1,1000,
by_neracoda,1,1000,
by_nexcoyotlgt,1,1000,
by_nexivian,1,1000,
by_nextel,1,1000,
by_nexus,1,1000,
by_nezirozi,1,1000,
by_nezumi_(artist),1,1000,
by_nib-roc,1,1000,
by_nicopossum,1,1000,
by_nightfaux,1,1000,
by_nightmareroa,1,1000,
by_nightterror,1,1000,
by_niis,1,1000,
by_nikkibunn,1,1000,
by_nikoyishi,1,1000,
by_nikraccoom,1,1000,
by_nirvana3,1,1000,
by_nitani,1,1000,
by_nnecgrau,1,1000,
by_no_swift,1,1000,
by_noctoc,1,1000,
by_noitro,1,1000,
by_nommz,1,1000,
by_nonarycubed,1,1000,
by_nopetrol,1,1000,
by_not_a_furfag,1,1000,
by_notbad621,1,1000,
by_notesaver,1,1000,
by_notglacier,1,1000,
by_nowandlater,1,1000,
by_nozomyarts,1,1000,
by_nr_ac,1,1000,
by_nsfw_def,1,1000,
by_nsfwzhenya,1,1000,
by_nukochi,1,1000,
by_null-ghost,1,1000,
by_nurinaki,1,1000,
by_nuzzo,1,1000,
by_obaum,1,1000,
by_ocaritna,1,1000,
by_oksara,1,1000,
by_omega56,1,1000,
by_oouna,1,1000,
by_oposa,1,1000,
by_orange-peel,1,1000,
by_orcfun,1,1000,
by_orionsmaniac_(artist),1,1000,
by_oro97,1,1000,
by_oselotti,1,1000,
by_ota_(artist),1,1000,
by_otterbits,1,1000,
by_oughta,1,1000,
by_oxfort2199,1,1000,
by_ozoneserpent,1,1000,
by_pache_riggs,1,1000,
by_pak009,1,1000,
by_pakwan008,1,1000,
by_pancarta,1,1000,
by_pandashorts,1,1000,
by_panken,1,1000,
by_pantheggon,1,1000,
by_paperclip_(artist),1,1000,
by_parasitedeath,1,1000,
by_parooty,1,1000,
by_pata,1,1000,
by_patacon,1,1000,
by_patto,1,1000,
by_pawpadcomrade,1,1000,
by_pb-art,1,1000,
by_peculiart,1,1000,
by_pencil_bolt,1,1000,
by_perfectlynormal,1,1000,
by_peritian,1,1000,
by_personalami,1,1000,
by_pgm300,1,1000,
by_phallusbro,1,1000,
by_phenyanyanya,1,1000,
by_phinnherz,1,1000,
by_phluks,1,1000,
by_phosaggro,1,1000,
by_photonoko,1,1000,
by_phrannd,1,1000,
by_pickles-hyena,1,1000,
by_picti,1,1000,
by_picturd,1,1000,
by_pig_(artist),1,1000,
by_pikajota,1,1000,
by_pinkaxolotl,1,1000,
by_pinkcappachino,1,1000,
by_piranha_fish,1,1000,
by_pixelsketcher,1,1000,
by_pizademokttero,1,1000,
by_pkaocko,1,1000,
by_pkuai,1,1000,
by_plagueofgripes,1,1000,
by_plankboy,1,1000,
by_plattyneko,1,1000,
by_plundered,1,1000,
by_pngx_(artist),1,1000,
by_pochemu,1,1000,
by_pocketpaws,1,1000,
by_polygonheart,1,1000,
by_ponporio_(artist),1,1000,
by_pony_dreaming,1,1000,
by_poofroom,1,1000,
by_poppin,1,1000,
by_porldraws,1,1000,
by_presialexander,1,1000,
by_prince-vulpine,1,1000,
by_privvys-art,1,1000,
by_prrrrrrmine,1,1000,
by_prsmrti,1,1000,
by_psakorn_tnoi,1,1000,
by_psy101,1,1000,
by_psychorodent,1,1000,
by_pudgeruffian,1,1000,
by_puggy,1,1000,
by_pukemilked,1,1000,
by_pulred,1,1000,
by_punkpega,1,1000,
by_punkypanda,1,1000,
by_purple_yoshi_draws,1,1000,
by_purplelemons,1,1000,
by_purplepardus,1,1000,
by_pururing,1,1000,
by_pusspuss,1,1000,
by_pyroxtra,1,1000,
by_qrichy,1,1000,
by_quangdoann,1,1000,
by_quanjiang,1,1000,
by_queervanire,1,1000,
by_quillu,1,1000,
by_quin-nsfw,1,1000,
by_quotefox,1,1000,
by_qupostuv35,1,1000,
by_qwaxi~lixard,1,1000,
by_qwertydragon,1,1000,
by_r-mk,1,1000,
by_r3drunner,1,1000,
by_raaz,1,1000,
by_rabbitbrush,1,1000,
by_raccoon21,1,1000,
by_raccoondouglas,1,1000,
by_raikissu,1,1000,
by_rainbowscreen,1,1000,
by_rainset,1,1000,
by_rajii,1,1000,
by_rakisha,1,1000,
by_ralek,1,1000,
by_raljoy,1,1000,
by_rapel,1,1000,
by_rapistwerewolf,1,1000,
by_raptoral,1,1000,
by_ratatooey,1,1000,
by_ratcha,1,1000,
by_rattatatus78,1,1000,
by_rattfood,1,1000,
by_ravieel,1,1000,
by_raydio,1,1000,
by_rayka,1,1000,
by_razzper,1,1000,
by_re-sublimity-kun,1,1000,
by_reallynxgirl,1,1000,
by_reccand,1,1000,
by_red-izak,1,1000,
by_reddyrennard,1,1000,
by_redeye,1,1000,
by_redishdragie,1,1000,
by_redout,1,1000,
by_redraptor16,1,1000,
by_redrusker,1,1000,
by_redvais,1,1000,
by_redwolfxiii,1,1000,
by_reign-2004,1,1000,
by_remanedur,1,1000,
by_renabu,1,1000,
by_replica_(artist),1,1000,
by_reptilian_orbit,1,1000,
by_reptilligator,1,1000,
by_repzzmonster,1,1000,
by_revadiehard,1,1000,
by_reysi,1,1000,
by_rick_griffin,1,1000,
by_ricky945,1,1000,
by_riendonut,1,1000,
by_rika_(artist),1,1000,
by_rilex_lenov,1,1000,
by_rinny,1,1000,
by_risenpaw,1,1000,
by_riska_(artist),1,1000,
by_roadiesky,1,1000,
by_robcivecat,1,1000,
by_rollwulf,1,1000,
by_roly,1,1000,
by_romarom,1,1000,
by_roof_legs,1,1000,
by_rotten_robbie,1,1000,
by_rov,1,1000,
by_roy_arashi,1,1000,
by_ruaidri,1,1000,
by_rube,1,1000,
by_rukifox,1,1000,
by_ruth66,1,1000,
by_rymherdier,1,1000,
by_ryunwoofie,1,1000,
by_rz54,1,1000,
by_s1m,1,1000,
by_sabretoothed_ermine,1,1000,
by_sabrotiger,1,1000,
by_sabuky,1,1000,
by_sagaris_uwu,1,1000,
by_saltyxodium,1,1000,
by_sammyphan,1,1000,
by_samur_shalem,1,1000,
by_san_ruishin,1,1000,
by_sana!rpg,1,1000,
by_saneaz,1,1000,
by_sarox,1,1000,
by_saruuk,1,1000,
by_sataenart,1,1000,
by_satsukii,1,1000,
by_savourysausages,1,1000,
by_scafen_(artist),1,1000,
by_scalesindark,1,1000,
by_scappo,1,1000,
by_schmutzo,1,1000,
by_scorpdk,1,1000,
by_scruffythedeer,1,1000,
by_sealer4258,1,1000,
by_secretly_saucy,1,1000,
by_securipun,1,1000,
by_sefeiren,1,1000,
by_seff,1,1000,
by_seibear,1,1000,
by_seiiartworks,1,1000,
by_selenophile,1,1000,
by_sellon,1,1000,
by_senimasan,1,1000,
by_seniorseasalt,1,1000,
by_senshion,1,1000,
by_senz,1,1000,
by_sepiruth,1,1000,
by_sepulte,1,1000,
by_seraphictiger,1,1000,
by_seraziel,1,1000,
by_sergeantyakirr,1,1000,
by_seth-iova,1,1000,
by_sethpup,1,1000,
by_seyferwolf,1,1000,
by_sfrogue,1,1000,
by_shakotanbunny,1,1000,
by_shane_frost,1,1000,
by_shaolin_bones,1,1000,
by_sharkysocks,1,1000,
by_shebeast,1,1000,
by_sherilane,1,1000,
by_shermugi,1,1000,
by_shikaro,1,1000,
by_shinigamisquirrel,1,1000,
by_shinodage,1,1000,
by_shirokoi,1,1000,
by_shirokoma,1,1000,
by_shiuk,1,1000,
by_shnider,1,1000,
by_shoutingisfun,1,1000,
by_shredded_wheat,1,1000,
by_shudayuda,1,1000,
by_sicklyhypnos,1,1000,
by_sidnithefox,1,1000,
by_sigma_x,1,1000,
by_sijimmy456,1,1000,
by_silgiriya_mantsugosi,1,1000,
by_silveredge,1,1000,
by_sincastermon,1,1000,
by_sincrescent,1,1000,
by_sindenbock,1,1000,
by_sindoll,1,1000,
by_sinfulwhispers15,1,1000,
by_singafurian,1,1000,
by_sinningfox,1,1000,
by_sinsquared,1,1000,
by_siroc,1,1000,
by_siyah,1,1000,
by_skecchiart,1,1000,
by_skeleion,1,1000,
by_skelly_doll,1,1000,
by_skipsy,1,1000,
by_skulkers,1,1000,
by_skully,1,1000,
by_skye3337,1,1000,
by_skygracer,1,1000,
by_skylardoodles,1,1000,
by_skylosminkan,1,1000,
by_skyvo,1,1000,
by_sleepiness18,1,1000,
by_sligarthetiger,1,1000,
by_slightlysimian,1,1000,
by_slimefur,1,1000,
by_slipperycupcake,1,1000,
by_slug_(artist),1,1000,
by_slugbox,1,1000,
by_slypon,1,1000,
by_slyus,1,1000,
by_smewed,1,1000,
by_smiju,1,1000,
by_smileeeeeee,1,1000,
by_smitty_g,1,1000,
by_smooshkin,1,1000,
by_snao,1,1000,
by_snoopjay2,1,1000,
by_snowfoxatheart,1,1000,
by_snowskau,1,1000,
by_snuddy,1,1000,
by_sodacaps,1,1000,
by_softestpuffss,1,1000,
by_sollyz,1,1000,
by_solterv,1,1000,
by_somescrub,1,1000,
by_somik,1,1000,
by_son237,1,1000,
by_son2j,1,1000,
by_sonsasu,1,1000,
by_sophiathedragon,1,1000,
by_sorafoxyteils,1,1000,
by_sorc,1,1000,
by_soulcentinel,1,1000,
by_sousaku_san,1,1000,
by_sparrow_(artist),1,1000,
by_spectrumshift,1,1000,
by_spefides,1,1000,
by_spelunker_sal,1,1000,
by_spicedpopsicle,1,1000,
by_spicykiwi,1,1000,
by_spikedmauler,1,1000,
by_spinal22,1,1000,
by_spirale,1,1000,
by_spiritd,1,1000,
by_splashyu,1,1000,
by_spottyjaguar,1,1000,
by_spuydjeks,1,1000,
by_sqoon,1,1000,
by_squishy_(artist),1,1000,
by_sssonic2,1,1000,
by_ssssnowy,1,1000,
by_stargazer,1,1000,
by_starit,1,1000,
by_staro,1,1000,
by_statiik_(artist),1,1000,
by_steamyart,1,1000,
by_steel_cat,1,1000,
by_stoopix,1,1000,
by_strayserval,1,1000,
by_strigiformes,1,1000,
by_strohdelfin,1,1000,
by_stylusknight,1,1000,
by_submarine_screw,1,1000,
by_suck_mcjones,1,1000,
by_suelix,1,1000,
by_sugarlesspaints,1,1000,
by_suirano,1,1000,
by_sukebepanda,1,1000,
by_sukiskuki,1,1000,
by_sukiya,1,1000,
by_sunibee,1,1000,
by_sususuigi,1,1000,
by_suurin_2,1,1000,
by_svarz,1,1000,
by_sverhnovapony,1,1000,
by_swaybat,1,1000,
by_sylvanedadeer,1,1000,
by_symm,1,1000,
by_syrios,1,1000,
by_syuro,1,1000,
by_syynx,1,1000,
by_t72b,1,1000,
by_taffyy,1,1000,
by_tai_l_rodriguez,1,1000,
by_tailzkim,1,1000,
by_takahirosi,1,1000,
by_taphris,1,1000,
by_taranima,1,1000,
by_tattoorexy,1,1000,
by_tayronnebr,1,1000,
by_tbid,1,1000,
by_teastuff,1,1000,
by_teavern,1,1000,
by_teckworks,1,1000,
by_tekahika,1,1000,
by_telson,1,1000,
by_tenaflux,1,1000,
by_tenebscuro,1,1000,
by_tenshigarden,1,1000,
by_tentabat,1,1000,
by_teranen,1,1000,
by_tfzn,1,1000,
by_tgt1512,1,1000,
by_thatsexdog,1,1000,
by_the-minuscule-task,1,1000,
by_the_crab_mage,1,1000,
by_the_gentle_giant,1,1000,
by_the_man,1,1000,
by_the_other_half,1,1000,
by_the_weaver,1,1000,
by_thebigbadwolf01,1,1000,
by_thebigslick,1,1000,
by_theblueberrycarrots,1,1000,
by_theboogie,1,1000,
by_thecon,1,1000,
by_theenfman,1,1000,
by_thefuckingdevil,1,1000,
by_thehumancopier,1,1000,
by_thejoyfuldragon,1,1000,
by_thekinkybear,1,1000,
by_thendyart,1,1000,
by_theo_young,1,1000,
by_theotormon_(artist),1,1000,
by_thepurp,1,1000,
by_thericegoat,1,1000,
by_thescarletdragon1,1,1000,
by_thesecretcave,1,1000,
by_thevale,1,1000,
by_thewill,1,1000,
by_theycallhimcake,1,1000,
by_thousandfoldfeathers,1,1000,
by_tiggybloom,1,1000,
by_tinygaypirate,1,1000,
by_tinysmallman,1,1000,
by_tlt_echelon,1,1000,
by_toby_art,1,1000,
by_todex,1,1000,
by_tofu_froth,1,1000,
by_tohfu,1,1000,
by_tohilewd,1,1000,
by_tojo_the_thief,1,1000,
by_tokifuji,1,1000,
by_tom_fischbach,1,1000,
by_tonytoran,1,1000,
by_toomuchdynamite,1,1000,
by_topazknight,1,1000,
by_torakuta,1,1000,
by_totesfleisch8,1,1000,
by_toto_draw,1,1000,
by_trashbadger,1,1000,
by_trashtikko,1,1000,
by_travon,1,1000,
by_tres-art,1,1000,
by_trevart,1,1000,
by_tricksta,1,1000,
by_tridark,1,1000,
by_trigaroo,1,1000,
by_tril-mizzrim,1,1000,
by_trinity-fate62,1,1000,
by_tritscrits,1,1000,
by_trixythespiderfox,1,1000,
by_trout_(artist),1,1000,
by_truegrave9,1,1000,
by_tsaiwolf,1,1000,
by_tsampikos,1,1000,
by_tsudamaku,1,1000,
by_tsukune_minaga,1,1000,
by_ttothep_arts,1,1000,
by_tuftbox,1,1000,
by_tush,1,1000,
by_twang,1,1000,
by_twinkle-sez,1,1000,
by_twiren,1,1000,
by_twistedhound,1,1000,
by_twistedscarlett60,1,1000,
by_twotail813,1,1000,
by_type,1,1000,
by_tyroo,1,1000,
by_tyunre,1,1000,
by_tzarvolver,1,1000,
by_ulitochka,1,1000,
by_ultilix,1,1000,
by_ultrabondagefairy,1,1000,
by_ultrahyper,1,1000,
by_umbraunderscore,1,1000,
by_underscore_b,1,1000,
by_ungulatr,1,1000,
by_unknown_artist,1,1000,
by_unpopularwolf,1,1000,
by_unusualmatias,1,1000,
by_uromatsu,1,1000,
by_usnarbit,1,1000,
by_utopianvee,1,1000,
by_utterangle,1,1000,
by_v-tal,1,1000,
by_vader-san,1,1000,
by_valkoinen,1,1000,
by_vallhound,1,1000,
by_vavacung,1,1000,
by_veliren_rey,1,1000,
by_ventkazemaru,1,1000,
by_vesper_art,1,1000,
by_vestina,1,1000,
by_vetisx,1,1000,
by_vexstacy,1,1000,
by_vf-01s,1,1000,
by_vhkansfweer,1,1000,
by_viejillox,1,1000,
by_vilf,1,1000,
by_vimhomeless,1,1000,
by_viola_bat,1,1000,
by_virito,1,1000,
by_virtyalfobo,1,1000,
by_visionaryserpent,1,1000,
by_viskasunya,1,1000,
by_vitrex,1,1000,
by_vixie00,1,1000,
by_vksuika,1,1000,
by_voicedbarley,1,1000,
by_voidlesky,1,1000,
by_volkokot,1,1000,
by_vorusuarts,1,1000,
by_vtza,1,1000,
by_vu06,1,1000,
by_vulpevex,1,1000,
by_vurrus,1,1000,
by_w4g4,1,1000,
by_wagnermutt,1,1000,
by_walter_sache,1,1000,
by_wamudraws,1,1000,
by_warden006,1,1000,
by_wardraws,1,1000,
by_waspsalad,1,1000,
by_watsup,1,1000,
by_wbnsfwfactory,1,1000,
by_welost,1,1000,
by_welwraith,1,1000,
by_weskers,1,1000,
by_wetsealky,1,1000,
by_wfa,1,1000,
by_whisperfoot,1,1000,
by_whisperingfornothing,1,1000,
by_whooo-ya,1,1000,
by_wildblur,1,1000,
by_wildering,1,1000,
by_willitfit,1,1000,
by_wingedwilly,1,1000,
by_winick-lim,1,1000,
by_wizzikt,1,1000,
by_wobblelava,1,1000,
by_wolflong,1,1000,
by_wolfrad,1,1000,
by_wolftang,1,1000,
by_wolfy-nail,1,1000,
by_wonderslug,1,1000,
by_woofyrainshadow,1,1000,
by_woolrool,1,1000,
by_wugi,1,1000,
by_wuwutim,1,1000,
by_wyla,1,1000,
by_wyntersun,1,1000,
by_xaenyth,1,1000,
by_xenoforge,1,1000,
by_xenoguardian,1,1000,
by_xeono,1,1000,
by_xilrayne,1,1000,
by_xing1,1,1000,
by_xlyuz,1,1000,
by_xnirox,1,1000,
by_xpray,1,1000,
by_xu53r,1,1000,
by_xylas,1,1000,
by_yakovlev-vad,1,1000,
by_yamatokuroko965,1,1000,
by_yamimarik1994,1,1000,
by_yaroul,1,1000,
by_yasmil,1,1000,
by_yawg,1,1000,
by_yildunstar,1,1000,
by_yookie,1,1000,
by_youjomodoki,1,1000,
by_yourdigimongirl,1,1000,
by_youwannaslap,1,1000,
by_yuguni,1,1000,
by_yuio,1,1000,
by_yuniwolfsky,1,1000,
by_yurusa,1,1000,
by_zacianswords,1,1000,
by_zackary911,1,1000,
by_zaush,1,1000,
by_zaviel,1,1000,
by_zcik,1,1000,
by_ze_blackball.d,1,1000,
by_zeamaeri,1,1000,
by_zeekzag,1,1000,
by_zeiro,1,1000,
by_zenthetiger,1,1000,
by_zephyxus,1,1000,
by_zeptophidia,1,1000,
by_zero-sum,1,1000,
by_zerofox1000,1,1000,
by_zerolativity,1,1000,
by_zerpreros,1,1000,
by_zeta-haru,1,1000,
by_zetsuboucchi,1,1000,
by_zex,1,1000,
by_zexyprof,1,1000,
by_zhanbow,1,1000,
by_zi_ran,1,1000,
by_ziffir,1,1000,
by_ziggie13,1,1000,
by_zigzagmag,1,1000,
by_zinfyu,1,1000,
by_zinnick,1,1000,
by_zlut385,1,1000,
by_zomacaius,1,1000,
by_zorro_re,1,1000,
by_zourik,1,1000,
by_zoyler,1,1000,
by_zp92,1,1000,
by_zummeng,1,1000,
by_zwitterkitsune,1,1000,
by_zyneru,1,1000,
by_zyria,1,1000,
by_zzx,1,1000,